source_sitemap,url
https://www.ox.security/ox_resources-sitemap.xml,https://www.ox.security/resources/
https://www.ox.security/ox_resources-sitemap.xml,https://www.ox.security/resources/5-musts-for-building-a-software-supply-chain-security-strategy/
https://www.ox.security/ox_resources-sitemap.xml,https://www.ox.security/wp-content/uploads/2024/04/5-Musts-eBook-Resources-Graphic.png
https://www.ox.security/ox_resources-sitemap.xml,https://www.ox.security/resources/upcoming-aspm-mastery-elevating-application-security-beyond-the-basics/
https://www.ox.security/ox_resources-sitemap.xml,https://www.ox.security/wp-content/uploads/2024/09/with-time-1.png
https://www.ox.security/ox_resources-sitemap.xml,https://www.ox.security/resources/case-study-navigating-vulnerability-prioritization-with-ox/
https://www.ox.security/ox_resources-sitemap.xml,https://www.ox.security/wp-content/uploads/2024/08/Case-Study.png
https://www.ox.security/ox_resources-sitemap.xml,https://www.ox.security/resources/upcoming-decoding-appsec-reporting-from-metrics-to-meaningful-insights/
https://www.ox.security/ox_resources-sitemap.xml,https://www.ox.security/wp-content/uploads/2024/10/SW-Decoding-AppSec-Reporting-1.png
https://www.ox.security/ox_resources-sitemap.xml,https://www.ox.security/resources/case-study-kalturas-journey-to-streamlined-development-with-ox-security/
https://www.ox.security/ox_resources-sitemap.xml,https://www.ox.security/wp-content/uploads/2024/04/kultura.png
https://www.ox.security/ox_resources-sitemap.xml,https://www.ox.security/resources/888-holdings-bets-on-a-new-approach-with-active-aspm/
https://www.ox.security/ox_resources-sitemap.xml,https://www.ox.security/wp-content/uploads/2024/04/888.png
https://www.ox.security/ox_resources-sitemap.xml,https://www.ox.security/resources/upcoming-collaborating-for-success-bridging-the-gap-between-developers-security-and-operations-teams/
https://www.ox.security/ox_resources-sitemap.xml,https://www.ox.security/wp-content/uploads/2024/10/seemplcity-webinar-1.png
https://www.ox.security/ox_resources-sitemap.xml,https://www.ox.security/resources/case-study-eblu-secures-a-healthier-future-with-ox-security/
https://www.ox.security/ox_resources-sitemap.xml,https://www.ox.security/wp-content/uploads/2024/11/eblu-1.png
https://www.ox.security/ox_resources-sitemap.xml,https://www.ox.security/resources/revolutionizing-appsec-strategies-for-managing-open-source-risks-effectively/
https://www.ox.security/ox_resources-sitemap.xml,https://www.ox.security/wp-content/uploads/2024/12/24.12-1.png
https://www.ox.security/ox_resources-sitemap.xml,https://www.ox.security/resources/from-foundation-to-maturity-how-to-build-a-solid-appsec-program-webinar/
https://www.ox.security/ox_resources-sitemap.xml,https://www.ox.security/wp-content/uploads/2025/03/webinar-card-for-li.png
https://www.ox.security/ox_resources-sitemap.xml,https://www.ox.security/resources/the-science-behind-fatigue-in-security-teams-and-how-to-beat-it/
https://www.ox.security/ox_resources-sitemap.xml,https://www.ox.security/wp-content/uploads/2025/04/webinar-april-22-for-LI-Site-The-Science-Behind-Alert-Fatigue-in-Security-Teams-How-to-Beat-It.png
https://www.ox.security/ox_resources-sitemap.xml,https://www.ox.security/resources/data-sheet-appsec-remediation-response/
https://www.ox.security/ox_resources-sitemap.xml,https://www.ox.security/wp-content/uploads/2025/05/AppSec-remediation-response-Bill-of-Materials-Overview.png
https://www.ox.security/ox_resources-sitemap.xml,https://www.ox.security/resources/data-sheet-multi-dependency-graph-in-ox/
https://www.ox.security/ox_resources-sitemap.xml,https://www.ox.security/wp-content/uploads/2025/05/Multi-dependency-graph-in-OX.png
https://www.ox.security/ox_resources-sitemap.xml,https://www.ox.security/resources/data-sheet-pipeline-workflows-in-ox-streamline-workflows-prevent-the-deployment-of-vulnerable-code/
https://www.ox.security/ox_resources-sitemap.xml,https://www.ox.security/wp-content/uploads/2025/05/Solutions-for-financial-services-1.png
https://www.ox.security/ox_resources-sitemap.xml,https://www.ox.security/resources/data-sheet-cloud-bill-of-materials-overview/
https://www.ox.security/ox_resources-sitemap.xml,https://www.ox.security/wp-content/uploads/2025/01/Cloud-Bill-of-Materials-Overview.png
https://www.ox.security/ox_resources-sitemap.xml,https://www.ox.security/resources/data-sheet-solutions-for-financial-services-where-ox-security-shines-in-software-compliance/
https://www.ox.security/ox_resources-sitemap.xml,https://www.ox.security/wp-content/uploads/2025/05/Solutions-for-financial-services.png
https://www.ox.security/ox_resources-sitemap.xml,https://www.ox.security/resources/datasheet-solutions-for-hospitality-where-ox-security-shines-in-software-compliance/
https://www.ox.security/ox_resources-sitemap.xml,https://www.ox.security/wp-content/uploads/2025/05/NIST-Cybersecurity-Framework-2.0-1.png
https://www.ox.security/ox_resources-sitemap.xml,https://www.ox.security/resources/data-sheet-developer-experience-in-ox/
https://www.ox.security/ox_resources-sitemap.xml,https://www.ox.security/wp-content/uploads/2025/05/Developer-experience-in-OX.png
https://www.ox.security/ox_resources-sitemap.xml,https://www.ox.security/resources/data-sheet-integrated-software-composition-analysis-sca-better-insight-fewer-false-positives/
https://www.ox.security/ox_resources-sitemap.xml,https://www.ox.security/wp-content/uploads/2025/05/Integrated-software-composition-analysis-SCA.png
https://www.ox.security/ox_resources-sitemap.xml,https://www.ox.security/resources/the-ox-active-aspm-platform-solution-brief/
https://www.ox.security/ox_resources-sitemap.xml,https://www.ox.security/wp-content/uploads/2024/10/The-OX-Active-ASPM-Platform-.png
https://www.ox.security/ox_resources-sitemap.xml,https://www.ox.security/resources/appsec-vulnerability-prioritization-by-ox-from-alert-fatigue-to-action/
https://www.ox.security/ox_resources-sitemap.xml,https://www.ox.security/wp-content/uploads/2024/06/SOLUTION-BRIEF.png
https://www.ox.security/ox_resources-sitemap.xml,https://www.ox.security/resources/securing-the-cloud-native-landscape-compliance-assurance-through-aspm-solution-brief/
https://www.ox.security/ox_resources-sitemap.xml,https://www.ox.security/wp-content/uploads/2025/01/solution-brief-companice-assurnce-through-aspm-1.png
https://www.ox.security/ox_resources-sitemap.xml,https://www.ox.security/resources/case-study-doubleverify-gains-control-and-efficiency-with-ox-security/
https://www.ox.security/ox_resources-sitemap.xml,https://www.ox.security/wp-content/uploads/2024/12/doubleverify.png
https://www.ox.security/ox_resources-sitemap.xml,https://www.ox.security/resources/webinar-the-art-of-vibe-coding-and-staying-secure-a-practical-guide/
https://www.ox.security/ox_resources-sitemap.xml,https://www.ox.security/wp-content/uploads/2025/06/webinar-The-Art-of-Vibe-Coding-and-Staying-Secure-A-Practical-Guide.png
https://www.ox.security/ox_resources-sitemap.xml,https://www.ox.security/resources/in-github-we-trust-10-ways-you-could-get-pwned/
https://www.ox.security/ox_resources-sitemap.xml,https://www.ox.security/wp-content/uploads/2025/06/Untitled-1200-x-628-px.png
https://www.ox.security/ox_resources-sitemap.xml,https://www.ox.security/resources/data-sheet-ox-security-scanning-public-images-unmask-hidden-risks-in-your-software-supply-chain/
https://www.ox.security/ox_resources-sitemap.xml,https://www.ox.security/wp-content/uploads/2025/09/OX-Security_-Scanning-Public-Images_-Unmask-hidden-risks-in-your-software-supply-chain.-1-1-1.png
https://www.ox.security/ox_resources-sitemap.xml,https://www.ox.security/resources/data-sheet-ox-securitys-ide-extension-real-time-risk-detection-and-developer-first-security/
https://www.ox.security/ox_resources-sitemap.xml,https://www.ox.security/wp-content/uploads/2025/09/OX-Securitys-IDE-Extension-Real-time-Risk-Detection-and-Developer-first-Security.png
https://www.ox.security/ox_resources-sitemap.xml,https://www.ox.security/resources/the-cisos-appsec-dilemma-what-matters-most-in-the-age-of-ai/
https://www.ox.security/ox_resources-sitemap.xml,https://www.ox.security/wp-content/uploads/2025/09/The-CISOs-AppSec-Dilemma_%E2%80%A8What-Matters-Most-in-the-Age-of-AI-.png
https://www.ox.security/ox_resources-sitemap.xml,https://www.ox.security/resources/army-of-juniors-report-resource/
https://www.ox.security/ox_resources-sitemap.xml,https://www.ox.security/wp-content/uploads/2025/10/1.1.png
https://www.ox.security/ox_resources-sitemap.xml,https://www.ox.security/resources/buyers-guide-how-to-not-screw-up-application-security/
https://www.ox.security/ox_resources-sitemap.xml,https://www.ox.security/wp-content/uploads/2025/08/BuyersGuide-v2.png
https://www.ox.security/ox_resources-sitemap.xml,https://www.ox.security/resources/ebook-the-kev-illusion-separating-true-threats-from-pretend-critical-risks/
https://www.ox.security/ox_resources-sitemap.xml,https://www.ox.security/wp-content/uploads/2025/05/Mockup-2-v2-1.png
https://www.ox.security/ox_resources-sitemap.xml,https://www.ox.security/resources/nist-cybersecurity-framework-2-0-improve-application-security-in-todays-threat-landscape-2/
https://www.ox.security/ox_resources-sitemap.xml,https://www.ox.security/wp-content/uploads/2025/04/NIST-Cybersecurity-Framework-2.0.png
https://www.ox.security/ox_resources-sitemap.xml,https://www.ox.security/resources/vibing-with-caution-how-ai-code-generation-challenges-application-security/
https://www.ox.security/ox_resources-sitemap.xml,https://www.ox.security/wp-content/uploads/2025/04/The-OX-Active-ASPM-Platform-3.png
https://www.ox.security/ox_resources-sitemap.xml,https://www.ox.security/resources/recourse-arms-race-appsec-vs-the-world/
https://www.ox.security/ox_resources-sitemap.xml,https://www.ox.security/wp-content/uploads/2025/04/The-OX-Active-ASPM-Platform-2.png
https://www.ox.security/ox_resources-sitemap.xml,https://www.ox.security/resources/download-ox-2025-application-security-benchmark-report/
https://www.ox.security/ox_resources-sitemap.xml,https://www.ox.security/wp-content/uploads/2025/03/Attack-Path-Analysis-Graphic-Blog-3.png
https://www.ox.security/ox_resources-sitemap.xml,https://www.ox.security/resources/modern-application-security-platforms-fix-what-matters-esg-resources/
https://www.ox.security/ox_resources-sitemap.xml,https://www.ox.security/wp-content/uploads/2025/02/The-OX-Active-ASPM-Platform-1.png
https://www.ox.security/ox_resources-sitemap.xml,https://www.ox.security/resources/appsec-uncomplicated-by-ox-everything-you-need-to-know-about-aspm-lp/
https://www.ox.security/ox_resources-sitemap.xml,https://www.ox.security/wp-content/uploads/2025/01/AppSec-uncomplicated-Everything-you-need-to-know-about-ASPM-and-more.png
https://www.ox.security/ox_resources-sitemap.xml,https://www.ox.security/resources/eight-reasons-why-a-data-fabric-will-improve-your-appsec-e-book/
https://www.ox.security/ox_resources-sitemap.xml,https://www.ox.security/wp-content/uploads/2024/10/Eight-Reasons-Why-a-Data-Fabric-Will-Improve-Your-AppSec.png
https://www.ox.security/ox_resources-sitemap.xml,https://www.ox.security/resources/frost-sullivan-names-ox-security-as-leader-in-application-security-posture-management-aspm/
https://www.ox.security/ox_resources-sitemap.xml,https://www.ox.security/wp-content/uploads/2024/10/frost-and-sull-1.png
https://www.ox.security/ox_resources-sitemap.xml,https://www.ox.security/resources/whitepaper-how-aspm-solutions-help-organizations-prepare-for-the-eus-dora/
https://www.ox.security/ox_resources-sitemap.xml,https://www.ox.security/wp-content/uploads/2024/08/CISO-ENDURANCE-GUIDE-SERIES-2.png
https://www.ox.security/ox_resources-sitemap.xml,https://www.ox.security/resources/what-you-need-to-know-about-application-detection-and-response/
https://www.ox.security/ox_resources-sitemap.xml,https://www.ox.security/wp-content/uploads/2024/08/CISO-ENDURANCE-GUIDE-SERIES-3.png
https://www.ox.security/ox_resources-sitemap.xml,https://www.ox.security/resources/key-performance-indicators-for-application-security-lessons-from-leading-cisos/
https://www.ox.security/ox_resources-sitemap.xml,https://www.ox.security/wp-content/uploads/2024/06/CISO-ENDURANCE-GUIDE-SERIES.png
https://www.ox.security/ox_resources-sitemap.xml,https://www.ox.security/resources/swisscom-case-study/
https://www.ox.security/ox_resources-sitemap.xml,https://www.ox.security/wp-content/uploads/2025/10/swisscom-logo-case-study.png
https://www.ox.security/ox_resources-sitemap.xml,https://www.ox.security/case-study-from-zero-visibility-to-a-fully-secured-supply-chain-kalturas-journey-with-ox/
https://www.ox.security/ox_resources-sitemap.xml,https://www.ox.security/wp-content/uploads/2025/11/Kaltura-1.png
https://www.ox.security/ox_resources-sitemap.xml,https://www.ox.security/resources/ebook-are-ai-app-builders-secure-we-tested-lovable-base44-and-bolt-to-find-out/
https://www.ox.security/ox_resources-sitemap.xml,https://www.ox.security/wp-content/uploads/2025/11/Are-AI-App%E2%80%A8Builders-Secure_-We-Tested-Lovable-Base44-and-Bolt-to-Find-Out.png
https://www.ox.security/ox_resources-sitemap.xml,https://www.ox.security/resources/code-to-exposure-and-back-again-how-ai-powered-defenders-outpace-ai-driven-threats/
https://www.ox.security/ox_resources-sitemap.xml,https://www.ox.security/wp-content/uploads/2025/11/How-AI-Powered-Defenders-Outpace-AI-Driven-Threats-4.png
https://www.ox.security/ox_resources-sitemap.xml,https://www.ox.security/resources/the-2026-guide-to-securing-ai-generated-code-at-scale/
https://www.ox.security/ox_resources-sitemap.xml,https://www.ox.security/wp-content/uploads/2025/12/The-2026-Guide-to-Securing-AI-Generated-Code-at-Scale-2-1.png
https://www.ox.security/ox_resources-sitemap.xml,https://www.ox.security/resources/iwcontext-is-key-empowering-developers-with-the-right-security-insights/
https://www.ox.security/ox_resources-sitemap.xml,https://www.ox.security/wp-content/uploads/2025/01/Untitled-design-49.png
https://www.ox.security/ox_resources-sitemap.xml,https://www.ox.security/resources/threat-intelligence-update-whats-been-working-for-hackers-and-what-have-the-good-guys-been-doing/
https://www.ox.security/ox_resources-sitemap.xml,https://www.ox.security/wp-content/uploads/2026/01/1200x628-1.png
